categoria,config_ou_mudanca,efeito_crc,efeito_funcional,fonte
SEGURO,CONFIG_CPU_FREQ_GOV_SCHEDUTIL tunables via sysfs (hispeed_freq/rate_limit_us),sem mudanca de tipos exportados; CRCs inalterados,comportamento de DVFS ajustavel em runtime; sem risco de boot,https://android.googlesource.com/kernel/common/+/refs/tags/android15-6.6-2025-06_r12/arch/arm64/configs/gki_defconfig + audit/config.stock (governors presentes)
SEGURO,CONFIG_TCP_CONG_CUBIC/BBR como modulo (sem trocar default),modulo autocontido; nenhum prototipo KMI muda,throughput/latencia de rede mudam; reversivel por sysctl,https://source.android.com/docs/core/architecture/kernel/stable-kmi (KMI so garante simbolos listados)
SEGURO,CONFIG_ZRAM escolha de compressor (lzo/zstd) via parametro,struct zram inalterada; CRCs iguais (zram.ko ja e modulo GKI),compressao/memoria mudam; sem efeito em boot,"MEASURED filegroup_decl_build_frag.txt (zram.ko em _ALL_MODULE_NAMES) + audit/config.stock"
SEGURO,CONFIG_LOG_BUF_SHIFT maior (buffer de printk),buffer estetico; nenhum tipo exportado muda,dmesg maior; RAM estatica extra minima,https://android.googlesource.com/kernel/common/+/refs/tags/android15-6.6-2025-06_r12/init/Kconfig (log buffer fora de prototipos exportados)
SEGURO,CONFIG_PRINTK_TIME=y,apenas formato de timestamp no log; CRCs iguais,logs com timestamp; sem risco,https://android.googlesource.com/kernel/common/+/refs/tags/android15-6.6-2025-06_r12/init/Kconfig
SEGURO,CONFIG_DEBUG_INFO_DWARF (debuginfo) mantendo DEBUG_INFO_NONE funcional,genksyms ignora debuginfo; CRCs iguais,Image/vmlinux maiores; boot igual,"MEASURED .config: CONFIG_DEBUG_INFO ausente/none no stock; https://android.googlesource.com/kernel/common/+/refs/tags/android15-6.6-2025-06_r12/lib/Kconfig.debug:227 (config DEBUG_INFO)"
SEGURO,CONFIG_IKCONFIG_PROC=y (manter),sem export novo; CRCs iguais,expor /proc/config.gz; ja e y no stock,audit/config.stock + /tmp/opencode/filegroup .config (iguais)
SEGURO,CONFIG_MODULE_SIG_HASH troca SHA1->SHA256/SHA512,sem efeito em prototipos; CRCs iguais,verificacao de assinatura muda algoritmo; vendor unsigned nao afetado (SIG_FORCE=n),"MEASURED stock: CONFIG_MODULE_SIG_SHA1=y FORCE=n; https://android.googlesource.com/kernel/common/+/refs/tags/android15-6.6-2025-06_r12/kernel/module/version.c:80-88 (same_magic ignora versao com CRCs)"
SEGURO,CONFIG_BLK_DEV_THROTTLING / IO schedulers BFQ/KYBER como modulo,modulos autocontidos; CRCs iguais,latencia de IO muda; reversivel,audit/config.stock (bloco) + stable-kmi (modulos fora do KMI nao afetam CRC)
SEGURO,CONFIG_NETFILTER_XT_MATCH_* extras como modulo (iptables matches),modulos autocontidos; CRCs iguais,firewall com mais matches; sem risco de boot,audit/config.stock (netfilter) + stable-kmi
ARRISCADO,CONFIG_HZ (250 vs 1000),genksyms: HZ nao entra em prototipos (CRC-safe) mas muda jiffies/timing global,timers/scheduler/accounting mudam; MTK vendor pode assumir HZ do GKI; checar via boot + dmesg,"MEASURED gki_defconfig (HZ via defaults); https://android.googlesource.com/kernel/common/+/refs/tags/android15-6.6-2025-06_r12/arch/arm64/configs/gki_defconfig"
ARRISCADO,CONFIG_PREEMPT_VOLUNTARY vs PREEMPT (trocar modelo),muda spinlock/preempt structs? PREEMPT muda defines que entram em task_struct (CRC MUDA em varios simbolos),latencia/throughput + quebra CRC de simbolos de scheduling; exige re-gate total,https://android.googlesource.com/kernel/common/+/refs/tags/android15-6.6-2025-06_r12/init/Kconfig (PREEMPT) + MEASURED stock CONFIG_PREEMPT=y
ARRISCADO,CONFIG_SCHED_DEBUG=y,adiciona contadores/seq em paths de scheduler; risco de tocar structs (CRC pode mudar),debugfs extra; overhead pequeno; validar com stgdiff,https://android.googlesource.com/kernel/common/+/refs/tags/android15-6.6-2025-06_r12/init/Kconfig
ARRISCADO,CONFIG_DAMON_PADDR/RECLAIM habilitar,sysfs novo + threads kdamond; tipos DAMON nao exportados no KMI (CRC-safe provável) mas consome CPU/mem; OWLXS ja habilitou,https://github.com/OWLXS/android_kernel_common (commit 9db3a171 DAMON_PADDR/RECLAIM) + MEASURED stock
ARRISCADO,CONFIG_ZSWAP habilitar/tunar,pool de compressed swap; sem exports KMI (CRC-safe provável) mas muda reclaim/OOM behavior; testar estabilidade,init/Kconfig (mm) + audit/config.stock
ARRISCADO,KernelSU/ReSukiSU builtin (CONFIG_KSU + susfs patch 50_add_susfs),adiciona NOVOS simbolos (exige estender kmi list) mas nao muda CRCs existentes se patch limpo; hooks LSM/syscall = superficie de ataque + risco de panic; Magisk conflita,"MEASURED OWLXS lamu-6.6.142 commits 5c874921/a32920/b0e988a4c2 + https://gitlab.com/simonpunk/susfs4ksu (gki-android15-6.6)"
ARRISCADO,CONFIG_FUNCTION_TRACER / DYNAMIC_FTRACE_WITH_ARGS com CFI on,arch/arm64/Kconfig:202 muda PATCHABLE_FUNCTION_ENTRY quando !CFI; com CFI muda codegen de chamadas (CRC/ABI de ftrace),tracing funciona mas overhead + interacao CFI; validar stgdiff,https://android.googlesource.com/kernel/common/+/refs/tags/android15-6.6-2025-06_r12/arch/arm64/Kconfig:202-205
ARRISCADO,CONFIG_NUMA_BALANCING on/off,expande structembalagens de mm/task (CRC pode mudar em simbolos de mm),migracao automatica de paginas; MTK little.BIG sensivel; re-gate,https://android.googlesource.com/kernel/common/+/refs/tags/android15-6.6-2025-06_r12/init/Kconfig:909-921
ARRISCADO,CONFIG_TRANSPARENT_HUGEPAGE madvise->always,muda fault path de THP (tipos internos; exports estáveis mas comportamento muda),latencia/RAM; testar,init/Kconfig (mm) + audit/config.stock
ARRISCADO,trim_nonlisted_kmi=False (--notrim) para debug,desliga poda: CRCs existentes INALTERADOS (mais simbolos) mas viola contrato GKI e mascara faltas,ABI maior que oficial; usar so para debug nunca release,MEASURED BUILD.bazel r12:150-159 (trim_nonlisted_kmi True + strict_mode True)
PROIBIDO,CONFIG_ARM64_4K_PAGES -> 16K,page size entra em PAGE_* / struct page (CRC muda em centenas de simbolos) + boot.img/ramdisk incompativeis,boot quebra (vendor_boot 4K) + todos os modulos invalidos,MEASURED stock+filegroup: CONFIG_ARM64_4K_PAGES=y + file Image 4K pages
PROIBIDO,CONFIG_CFI_CLANG=n (desligar CFI),muda ABI de chamadas indiretas + __cfi_check (CRC e codegen mudam),panic/CFI fail + quebra KMI; stock y,MEASURED stock+filegroup CONFIG_CFI_CLANG=y + https://android.googlesource.com/kernel/common/+/refs/tags/android15-6.6-2025-06_r12/arch/arm64/Kconfig:97 (ARCH_SUPPORTS_CFI_CLANG)
PROIBIDO,CONFIG_SHADOW_CALL_STACK=n (desligar SCS),muda prologo de funcao/arm64 (ABI muda; CRCs de quase tudo mudam),panic imediato; stock y,"MEASURED stock+filegroup CONFIG_SHADOW_CALL_STACK=y + arch/arm64/Kconfig:94,2267-2268"
PROIBIDO,CONFIG_LTO_CLANG_FULL/THIN no lugar de LTO_NONE,inline/ordem/CFI mudam (CRC muda em massa); build oficial e lto=default+NONE,mismatch total de CRC + risco OOM no host,"MEASURED build.log:7 Building kernel (lto=default;trim) + stock CONFIG_LTO_NONE=y + BUILD.bazel sem --lto"
PROIBIDO,CONFIG_KASAN/KHWASAN=y (ou KCOV/GCOV no release),instrumentacao muda layouts e redzones (CRC muda em tudo) + RAM/latencia explodem,somente build _kasan de debug nunca release,https://android.googlesource.com/kernel/common/+/refs/tags/android15-6.6-2025-06_r12/lib/Kconfig.debug + build.config.gki_kasan* (variante separada)
PROIBIDO,CONFIG_SMP=n (uniprocessador),remove locks/per-cpu (tipos mudam; CRC muda) + MTK 8-core nao boota,boot morto,init/Kconfig (SMP) + MEASURED stock SMP (strings Image: SMP PREEMPT)
PROIBIDO,CONFIG_MODVERSIONS=n (desligar CRCs),remove .__versions: same_magic passa a comparar versao cheia (qualquer -ab/hash diverge = Invalid module format),todos os 557 vendor rejeitados,MEASURED stock CONFIG_MODVERSIONS=y + version.c:80-88
PROIBIDO,"CONFIG_DEBUG_SPINLOCK/DEBUG_MUTEXES/LOCKDEP=y no release",spinlock_t/mutex_t ganham campos debug (CRC muda em simbolos de locking) + overhead enorme,somente debug; stock sem esses,https://android.googlesource.com/kernel/common/+/refs/tags/android15-6.6-2025-06_r12/lib/Kconfig.debug:1407-1510 (SPINLOCK/MUTEXES/LOCKDEP)
